{
  "results": [
    {
      "model": "TGN",
      "split": "stratified",
      "dataset": "single",
      "train_sec": 10.5,
      "n_train": 20404,
      "n_test": 4374,
      "n_pos_test": 68,
      "metrics": {
        "auc": 0.844087251714434,
        "auprc": 0.08284235107112056,
        "f1": 0.09948792977322604,
        "precision": 0.05234795996920708,
        "recall": 1.0,
        "n_pos": 68,
        "n_total": 4374
      },
      "hparams": {
        "embed_dim": 128,
        "memory_dim": 32,
        "message_dim": 32,
        "lr": 0.0040215545266902904,
        "pos_weight_factor": 6.86376609199427,
        "batch_size": 128
      }
    },
    {
      "model": "TGN",
      "split": "temporal",
      "dataset": "single",
      "train_sec": 9.6,
      "n_train": 20405,
      "n_test": 4373,
      "n_pos_test": 8,
      "metrics": {
        "auc": 0.9858820160366553,
        "auprc": 0.1800014400921659,
        "f1": 0.08421052631578947,
        "precision": 0.04395604395604396,
        "recall": 1.0,
        "n_pos": 8,
        "n_total": 4373
      },
      "hparams": {
        "embed_dim": 128,
        "memory_dim": 32,
        "message_dim": 32,
        "lr": 0.0040215545266902904,
        "pos_weight_factor": 6.86376609199427,
        "batch_size": 128
      }
    },
    {
      "model": "TGN",
      "split": "6slot",
      "dataset": "single",
      "train_sec": 9.6,
      "n_train": 20405,
      "n_test": 4373,
      "n_pos_test": 8,
      "metrics": {
        "per_slot": {
          "0": {
            "auc": 0.9800275482093663,
            "auprc": 0.5285714285714286,
            "f1": 0.10810810810810811,
            "precision": 0.05714285714285714,
            "recall": 1.0,
            "n_pos": 2,
            "n_total": 728
          },
          "1": {
            "auc": 0.9489655172413793,
            "auprc": 0.04650777888116518,
            "f1": 0.06818181818181818,
            "precision": 0.03529411764705882,
            "recall": 1.0,
            "n_pos": 3,
            "n_total": 728
          },
          "2": {
            "auc": 0.9742528735632183,
            "auprc": 0.0744215134459037,
            "f1": 0.13043478260869565,
            "precision": 0.06976744186046512,
            "recall": 1.0,
            "n_pos": 3,
            "n_total": 728
          },
          "3": {
            "auc": null,
            "auprc": null,
            "f1": 0.0,
            "precision": 0.0,
            "recall": 0.0,
            "n_pos": 0,
            "n_total": 728
          },
          "4": {
            "auc": null,
            "auprc": null,
            "f1": 0.0,
            "precision": 0.0,
            "recall": 0.0,
            "n_pos": 0,
            "n_total": 728
          },
          "5": {
            "auc": null,
            "auprc": null,
            "f1": 0.0,
            "precision": 0.0,
            "recall": 0.0,
            "n_pos": 0,
            "n_total": 733
          }
        },
        "overall": {
          "auc": 0.986454753722795,
          "auprc": 0.18094415877478545,
          "f1": 0.0935672514619883,
          "precision": 0.049079754601226995,
          "recall": 1.0,
          "n_pos": 8,
          "n_total": 4373
        }
      },
      "hparams": {
        "embed_dim": 128,
        "memory_dim": 32,
        "message_dim": 32,
        "lr": 0.0040215545266902904,
        "pos_weight_factor": 6.86376609199427,
        "batch_size": 128
      }
    },
    {
      "model": "TGN",
      "split": "inductive",
      "dataset": "single",
      "train_sec": 8.7,
      "n_train": 18814,
      "n_test": 4373,
      "n_pos_test": 8,
      "metrics": {
        "overall": {
          "auc": 0.9835051546391752,
          "auprc": 0.18014432596487812,
          "f1": 0.08421052631578947,
          "precision": 0.04395604395604396,
          "recall": 1.0,
          "n_pos": 8,
          "n_total": 4373
        },
        "new_nodes": {
          "auc": 0.9500000000000001,
          "auprc": 0.041666666666666664,
          "f1": 0.08,
          "precision": 0.041666666666666664,
          "recall": 1.0,
          "n_pos": 1,
          "n_total": 461
        },
        "seen_nodes": {
          "auc": 0.9871959026888605,
          "auprc": 0.21397771387018175,
          "f1": 0.08484848484848485,
          "precision": 0.04430379746835443,
          "recall": 1.0,
          "n_pos": 7,
          "n_total": 3912
        }
      },
      "hparams": {
        "embed_dim": 128,
        "memory_dim": 32,
        "message_dim": 32,
        "lr": 0.0040215545266902904,
        "pos_weight_factor": 6.86376609199427,
        "batch_size": 128
      }
    }
  ]
}