{
  "results": [
    {
      "model": "TGN",
      "split": "stratified",
      "dataset": "single",
      "train_sec": 10.7,
      "n_train": 20404,
      "n_test": 4374,
      "n_pos_test": 68,
      "metrics": {
        "auc": 0.8327965765962679,
        "auprc": 0.07272210874342816,
        "f1": 0.09283387622149837,
        "precision": 0.04913793103448276,
        "recall": 0.8382352941176471,
        "n_pos": 68,
        "n_total": 4374
      },
      "hparams": {
        "embed_dim": 128,
        "memory_dim": 32,
        "message_dim": 32,
        "lr": 0.0040215545266902904,
        "pos_weight_factor": 6.86376609199427,
        "batch_size": 128
      }
    },
    {
      "model": "TGN",
      "split": "temporal",
      "dataset": "single",
      "train_sec": 9.9,
      "n_train": 20405,
      "n_test": 4373,
      "n_pos_test": 8,
      "metrics": {
        "auc": 0.9849369988545246,
        "auprc": 0.17820743865030675,
        "f1": 0.08421052631578947,
        "precision": 0.04395604395604396,
        "recall": 1.0,
        "n_pos": 8,
        "n_total": 4373
      },
      "hparams": {
        "embed_dim": 128,
        "memory_dim": 32,
        "message_dim": 32,
        "lr": 0.0040215545266902904,
        "pos_weight_factor": 6.86376609199427,
        "batch_size": 128
      }
    },
    {
      "model": "TGN",
      "split": "6slot",
      "dataset": "single",
      "train_sec": 9.9,
      "n_train": 20405,
      "n_test": 4373,
      "n_pos_test": 8,
      "metrics": {
        "per_slot": {
          "0": {
            "auc": 0.9972451790633609,
            "auprc": 0.6,
            "f1": 0.10810810810810811,
            "precision": 0.05714285714285714,
            "recall": 1.0,
            "n_pos": 2,
            "n_total": 728
          },
          "1": {
            "auc": 0.9195402298850575,
            "auprc": 0.032301341589267285,
            "f1": 0.06818181818181818,
            "precision": 0.03529411764705882,
            "recall": 1.0,
            "n_pos": 3,
            "n_total": 728
          },
          "2": {
            "auc": 0.9742528735632184,
            "auprc": 0.0744215134459037,
            "f1": 0.13043478260869565,
            "precision": 0.06976744186046512,
            "recall": 1.0,
            "n_pos": 3,
            "n_total": 728
          },
          "3": {
            "auc": null,
            "auprc": null,
            "f1": 0.0,
            "precision": 0.0,
            "recall": 0.0,
            "n_pos": 0,
            "n_total": 728
          },
          "4": {
            "auc": null,
            "auprc": null,
            "f1": 0.0,
            "precision": 0.0,
            "recall": 0.0,
            "n_pos": 0,
            "n_total": 728
          },
          "5": {
            "auc": null,
            "auprc": null,
            "f1": 0.0,
            "precision": 0.0,
            "recall": 0.0,
            "n_pos": 0,
            "n_total": 733
          }
        },
        "overall": {
          "auc": 0.9849369988545246,
          "auprc": 0.17820743865030675,
          "f1": 0.08421052631578947,
          "precision": 0.04395604395604396,
          "recall": 1.0,
          "n_pos": 8,
          "n_total": 4373
        }
      },
      "hparams": {
        "embed_dim": 128,
        "memory_dim": 32,
        "message_dim": 32,
        "lr": 0.0040215545266902904,
        "pos_weight_factor": 6.86376609199427,
        "batch_size": 128
      }
    },
    {
      "model": "TGN",
      "split": "inductive",
      "dataset": "single",
      "train_sec": 9.2,
      "n_train": 18814,
      "n_test": 4373,
      "n_pos_test": 8,
      "metrics": {
        "overall": {
          "auc": 0.9842210767468499,
          "auprc": 0.18159880877990536,
          "f1": 0.08421052631578947,
          "precision": 0.04395604395604396,
          "recall": 1.0,
          "n_pos": 8,
          "n_total": 4373
        },
        "new_nodes": {
          "auc": 0.95,
          "auprc": 0.041666666666666664,
          "f1": 0.08,
          "precision": 0.041666666666666664,
          "recall": 1.0,
          "n_pos": 1,
          "n_total": 461
        },
        "seen_nodes": {
          "auc": 0.9872690689592097,
          "auprc": 0.21470092987966466,
          "f1": 0.08484848484848485,
          "precision": 0.04430379746835443,
          "recall": 1.0,
          "n_pos": 7,
          "n_total": 3912
        }
      },
      "hparams": {
        "embed_dim": 128,
        "memory_dim": 32,
        "message_dim": 32,
        "lr": 0.0040215545266902904,
        "pos_weight_factor": 6.86376609199427,
        "batch_size": 128
      }
    },
    {
      "model": "DyRep",
      "split": "stratified",
      "dataset": "single",
      "train_sec": 72.6,
      "n_train": 20404,
      "n_test": 4374,
      "n_pos_test": 68,
      "metrics": {
        "auc": 0.5699588126007485,
        "auprc": 0.028182006527634768,
        "f1": 0.03061683926159388,
        "precision": 0.015546410608139003,
        "recall": 1.0,
        "n_pos": 68,
        "n_total": 4374,
        "psi_comm": 1.0,
        "psi_assoc": 0.13748112320899963
      },
      "hparams": {
        "embed_dim": 32,
        "n_neighbors": 5,
        "lr": 1.493656855461762e-05,
        "intensity_reg": 0.05399484409787434,
        "pos_weight_factor": 20.02787529358022,
        "batch_size": 512
      }
    },
    {
      "model": "DyRep",
      "split": "temporal",
      "dataset": "single",
      "train_sec": 73.0,
      "n_train": 20405,
      "n_test": 4373,
      "n_pos_test": 8,
      "metrics": {
        "auc": 0.4164375715922108,
        "auprc": 0.0021058935206638937,
        "f1": 0.0036521342159324356,
        "precision": 0.001829407729247656,
        "recall": 1.0,
        "n_pos": 8,
        "n_total": 4373,
        "psi_comm": 1.0042070150375366,
        "psi_assoc": 0.13604120910167694
      },
      "hparams": {
        "embed_dim": 32,
        "n_neighbors": 5,
        "lr": 1.493656855461762e-05,
        "intensity_reg": 0.05399484409787434,
        "pos_weight_factor": 20.02787529358022,
        "batch_size": 512
      }
    },
    {
      "model": "DyRep",
      "split": "6slot",
      "dataset": "single",
      "train_sec": 73.2,
      "n_train": 20405,
      "n_test": 4373,
      "n_pos_test": 8,
      "metrics": {
        "per_slot": {
          "0": {
            "auc": 0.34917355371900827,
            "auprc": 0.003605769230769231,
            "f1": 0.005479452054794521,
            "precision": 0.0027472527472527475,
            "recall": 1.0,
            "n_pos": 2,
            "n_total": 728
          },
          "1": {
            "auc": 0.1990804597701149,
            "auprc": 0.0037438852375378893,
            "f1": 0.008207934336525308,
            "precision": 0.004120879120879121,
            "recall": 1.0,
            "n_pos": 3,
            "n_total": 728
          },
          "2": {
            "auc": 0.41977011494252875,
            "auprc": 0.005317885537635871,
            "f1": 0.008207934336525308,
            "precision": 0.004120879120879121,
            "recall": 1.0,
            "n_pos": 3,
            "n_total": 728
          },
          "3": {
            "auc": null,
            "auprc": null,
            "f1": 0.0,
            "precision": 0.0,
            "recall": 0.0,
            "n_pos": 0,
            "n_total": 728
          },
          "4": {
            "auc": null,
            "auprc": null,
            "f1": 0.0,
            "precision": 0.0,
            "recall": 0.0,
            "n_pos": 0,
            "n_total": 728
          },
          "5": {
            "auc": null,
            "auprc": null,
            "f1": 0.0,
            "precision": 0.0,
            "recall": 0.0,
            "n_pos": 0,
            "n_total": 733
          }
        },
        "overall": {
          "auc": 0.4164375715922108,
          "auprc": 0.0021058935206638937,