{
  "results": [
    {
      "model": "TGN",
      "split": "temporal",
      "dataset": "single",
      "seed": 42,
      "train_sec": 9.0,
      "n_train": 20405,
      "n_val": 4372,
      "n_test": 4373,
      "n_pos_test": 8,
      "threshold": 0.0522,
      "metrics": {
        "auc": 0.9849369988545246,
        "auprc": 0.17820743865030675,
        "f1": 0.08421052631578947,
        "precision": 0.04395604395604396,
        "recall": 1.0,
        "n_pos": 8,
        "n_total": 4373
      },
      "hparams": {
        "embed_dim": 128,
        "memory_dim": 32,
        "message_dim": 32,
        "lr": 0.0040215545266902904,
        "pos_weight_factor": 6.86376609199427,
        "batch_size": 128
      }
    }
  ]
}