{
  "results": [
    {
      "model": "DyRep",
      "split": "stratified",
      "dataset": "multi",
      "train_sec": 8264.5,
      "n_train": 2040499,
      "n_test": 437251,
      "n_pos_test": 6521,
      "metrics": {
        "auc": 0.5,
        "auprc": 0.014913630843611565,
        "f1": 0.029388965504808774,
        "precision": 0.014913630843611565,
        "recall": 1.0,
        "n_pos": 6521,
        "n_total": 437251,
        "psi_comm": 1.0,
        "psi_assoc": 1.0
      },
      "hparams": {
        "embed_dim": 32,
        "n_neighbors": 10,
        "lr": 0.0001,
        "intensity_reg": 0.001,
        "pos_weight_factor": 10.0,
        "batch_size": 256
      }
    },
    {
      "model": "DyRep",
      "split": "temporal",
      "dataset": "multi",
      "train_sec": 8109.2,
      "n_train": 2040499,
      "n_test": 437250,
      "n_pos_test": 933,
      "metrics": {
        "auc": 0.5,
        "auprc": 0.0021337907375643225,
        "f1": 0.004258494738499668,
        "precision": 0.0021337907375643225,
        "recall": 1.0,
        "n_pos": 933,
        "n_total": 437250,
        "psi_comm": 1.93772554397583,
        "psi_assoc": 1.0
      },
      "hparams": {
        "embed_dim": 32,
        "n_neighbors": 10,
        "lr": 0.0001,
        "intensity_reg": 0.001,
        "pos_weight_factor": 10.0,
        "batch_size": 256
      }
    },
    {
      "model": "DyRep",
      "split": "6slot",
      "dataset": "multi",
      "train_sec": 6608.3,
      "n_train": 2040499,
      "n_test": 437250,
      "n_pos_test": 933,
      "metrics": {
        "per_slot": {
          "0": {
            "auc": 0.5,
            "auprc": 0.0023876500857632934,
            "f1": 0.004763925584196909,
            "precision": 0.0023876500857632934,
            "recall": 1.0,
            "n_pos": 174,
            "n_total": 72875
          },
          "1": {
            "auc": 0.5,
            "auprc": 0.006284734133790737,
            "f1": 0.012490965868026673,
            "precision": 0.006284734133790737,
            "recall": 1.0,
            "n_pos": 458,
            "n_total": 72875
          },
          "2": {
            "auc": 0.5,
            "auprc": 0.0031423670668953687,
            "f1": 0.006265047056248632,
            "precision": 0.0031423670668953687,
            "recall": 1.0,
            "n_pos": 229,
            "n_total": 72875
          },
          "3": {
            "auc": 0.5,
            "auprc": 0.0009879931389365352,
            "f1": 0.0019740359439044787,
            "precision": 0.0009879931389365352,
            "recall": 1.0,
            "n_pos": 72,
            "n_total": 72875
          },
          "4": {
            "auc": null,
            "auprc": null,
            "f1": 0.0,
            "precision": 0.0,
            "recall": 0.0,
            "n_pos": 0,
            "n_total": 72875
          },
          "5": {
            "auc": null,
            "auprc": null,
            "f1": 0.0,
            "precision": 0.0,
            "recall": 0.0,
            "n_pos": 0,
            "n_total": 72875
          }
        },
        "overall": {
          "auc": 0.5,
          "auprc": 0.0021337907375643225,
          "f1": 0.004258494738499668,
          "precision": 0.0021337907375643225,
          "recall": 1.0,
          "n_pos": 933,
          "n_total": 437250
        }
      },
      "hparams": {
        "embed_dim": 32,
        "n_neighbors": 10,
        "lr": 0.0001,
        "intensity_reg": 0.001,
        "pos_weight_factor": 10.0,
        "batch_size": 256
      }
    },
    {
      "model": "DyRep",
      "split": "inductive",
      "dataset": "multi",
      "train_sec": 5950.3,
      "n_train": 1829035,
      "n_test": 437250,
      "n_pos_test": 933,
      "metrics": {
        "overall": {
          "auc": 0.5,
          "auprc": 0.0021337907375643225,
          "f1": 0.004258494738499668,
          "precision": 0.0021337907375643225,
          "recall": 1.0,
          "n_pos": 933,
          "n_total": 437250,
          "psi_comm": 1.8372048139572144,
          "psi_assoc": 1.0
        },
        "new_nodes": {
          "auc": 0.5,
          "auprc": 0.00202174499056519,
          "f1": 0.004035331569743981,
          "precision": 0.00202174499056519,
          "recall": 1.0,
          "n_pos": 90,
          "n_total": 44516,
          "psi_comm": 1.8372048139572144,
          "psi_assoc": 1.0
        },
        "seen_nodes": {
          "auc": 0.5,
          "auprc": 0.002146491009181787,
          "f1": 0.004283786908279701,
          "precision": 0.002146491009181787,
          "recall": 1.0,
          "n_pos": 843,
          "n_total": 392734,
          "psi_comm": 1.8372048139572144,
          "psi_assoc": 1.0
        }
      },
      "hparams": {
        "embed_dim": 32,
        "n_neighbors": 10,
        "lr": 0.0001,
        "intensity_reg": 0.001,
        "pos_weight_factor": 10.0,
        "batch_size": 256
      }
    }
  ]
}