{
  "results": [
    {
      "model": "DyRep",
      "split": "stratified",
      "dataset": "single",
      "train_sec": 71.9,
      "n_train": 20404,
      "n_test": 4374,
      "n_pos_test": 68,
      "metrics": {
        "auc": 0.5492285046856643,
        "auprc": 0.03197826658605324,
        "f1": 0.03061683926159388,
        "precision": 0.015546410608139003,
        "recall": 1.0,
        "n_pos": 68,
        "n_total": 4374,
        "psi_comm": 1.0,
        "psi_assoc": 0.13802044093608856
      },
      "hparams": {
        "embed_dim": 32,
        "n_neighbors": 5,
        "lr": 1.493656855461762e-05,
        "intensity_reg": 0.05399484409787434,
        "pos_weight_factor": 20.02787529358022,
        "batch_size": 512
      }
    },
    {
      "model": "DyRep",
      "split": "temporal",
      "dataset": "single",
      "train_sec": 72.3,
      "n_train": 20405,
      "n_test": 4373,
      "n_pos_test": 8,
      "metrics": {
        "auc": 0.8193298969072165,
        "auprc": 0.16101409130442784,
        "f1": 0.0036521342159324356,
        "precision": 0.001829407729247656,
        "recall": 1.0,
        "n_pos": 8,
        "n_total": 4373,
        "psi_comm": 1.004353404045105,
        "psi_assoc": 0.13609053194522858
      },
      "hparams": {
        "embed_dim": 32,
        "n_neighbors": 5,
        "lr": 1.493656855461762e-05,
        "intensity_reg": 0.05399484409787434,
        "pos_weight_factor": 20.02787529358022,
        "batch_size": 512
      }
    },
    {
      "model": "DyRep",
      "split": "6slot",
      "dataset": "single",
      "train_sec": 72.9,
      "n_train": 20405,
      "n_test": 4373,
      "n_pos_test": 8,
      "metrics": {
        "per_slot": {
          "0": {
            "auc": 0.8009641873278237,
            "auprc": 0.5033898305084745,
            "f1": 0.005479452054794521,
            "precision": 0.0027472527472527475,
            "recall": 1.0,
            "n_pos": 2,
            "n_total": 728
          },
          "1": {
            "auc": 0.7770114942528735,
            "auprc": 0.015750532874241677,
            "f1": 0.008207934336525308,
            "precision": 0.004120879120879121,
            "recall": 1.0,
            "n_pos": 3,
            "n_total": 728
          },
          "2": {
            "auc": 0.7075862068965517,
            "auprc": 0.01067173280795572,
            "f1": 0.008207934336525308,
            "precision": 0.004120879120879121,
            "recall": 1.0,
            "n_pos": 3,
            "n_total": 728
          },
          "3": {
            "auc": null,
            "auprc": null,
            "f1": 0.0,
            "precision": 0.0,
            "recall": 0.0,
            "n_pos": 0,
            "n_total": 728
          },
          "4": {
            "auc": null,
            "auprc": null,
            "f1": 0.0,
            "precision": 0.0,
            "recall": 0.0,
            "n_pos": 0,
            "n_total": 728
          },
          "5": {
            "auc": null,
            "auprc": null,
            "f1": 0.0,
            "precision": 0.0,
            "recall": 0.0,
            "n_pos": 0,
            "n_total": 733
          }
        },
        "overall": {
          "auc": 0.7505727376861399,
          "auprc": 0.12964474093899755,
          "f1": 0.0036521342159324356,
          "precision": 0.001829407729247656,
          "recall": 1.0,
          "n_pos": 8,
          "n_total": 4373
        }
      },
      "hparams": {
        "embed_dim": 32,
        "n_neighbors": 5,
        "lr": 1.493656855461762e-05,
        "intensity_reg": 0.05399484409787434,
        "pos_weight_factor": 20.02787529358022,
        "batch_size": 512
      }
    },
    {
      "model": "DyRep",
      "split": "inductive",
      "dataset": "single",
      "train_sec": 67.8,
      "n_train": 18814,
      "n_test": 4373,
      "n_pos_test": 8,
      "metrics": {
        "overall": {
          "auc": 0.5082474226804123,
          "auprc": 0.027569804825880034,
          "f1": 0.0036521342159324356,
          "precision": 0.001829407729247656,
          "recall": 1.0,
          "n_pos": 8,
          "n_total": 4373,
          "psi_comm": 1.0036088228225708,
          "psi_assoc": 0.13600145280361176
        },
        "new_nodes": {
          "auc": 1.0,
          "auprc": 1.0,
          "f1": 0.004329004329004329,
          "precision": 0.0021691973969631237,
          "recall": 1.0,
          "n_pos": 1,
          "n_total": 461,
          "psi_comm": 1.0036088228225708,
          "psi_assoc": 0.13600145280361176
        },
        "seen_nodes": {
          "auc": 0.43705871593195533,
          "auprc": 0.016929899424895287,
          "f1": 0.003572339882623118,
          "precision": 0.0017893660531697342,
          "recall": 1.0,
          "n_pos": 7,
          "n_total": 3912,
          "psi_comm": 1.0036088228225708,
          "psi_assoc": 0.13600145280361176
        }
      },
      "hparams": {
        "embed_dim": 32,
        "n_neighbors": 5,
        "lr": 1.493656855461762e-05,
        "intensity_reg": 0.05399484409787434,
        "pos_weight_factor": 20.02787529358022,
        "batch_size": 512
      }
    },
    {
      "model": "TGAT",
      "split": "stratified",
      "dataset": "single",
      "train_sec": 31.8,
      "n_train": 20404,
      "n_test": 4374,
      "n_pos_test": 68,
      "metrics": {
        "auc": 0.6515976339444277,
        "auprc": 0.06209878395593574,
        "f1": 0.04395604395604396,
        "precision": 0.08695652173913043,
        "recall": 0.029411764705882353,
        "n_pos": 68,
        "n_total": 4374
      },
      "hparams": {
        "embed_dim": 128,
        "n_heads": 4,
        "n_neighbors": 10,
        "lr": 0.0003071536637577665,
        "pos_weight_factor": 22.247260583742296,
        "batch_size": 256
      }
    },
    {
      "model": "TGAT",
      "split": "temporal",
      "dataset": "single",
      "train_sec": 31.6,
      "n_train": 20405,
      "n_test": 4373,
      "n_pos_test": 8,
      "metrics": {
        "auc": 0.806786941580756,
        "auprc": 0.12975336595731313,
        "f1": 0.16666666666666666,
        "precision": 0.25,
        "recall": 0.125,
        "n_pos": 8,
        "n_total": 4373
      },
      "hparams": {
        "embed_dim": 128,
        "n_heads": 4,
        "n_neighbors": 10,
        "lr": 0.0003071536637577665,
        "pos_weight_factor": 22.247260583742296,
        "batch_size": 256
      }
    },
    {
      "model": "TGAT",
      "split": "6slot",
      "dataset": "single",
      "train_sec": 32.2,
      "n_train": 20405,
      "n_test": 4373,
      "n_pos_test": 8,
      "metrics": {
        "per_slot": {
          "0": {
            "auc": 0.9972451790633609,
            "auprc": 0.45,
            "f1": 0.5714285714285714,
            "precision": 0.4,
            "recall": 1.0,
            "n_pos": 2,
            "n_total": 728
          },
          "1": {
            "auc": 0.7802298850574712,
            "auprc": 0.019145516338780172,
            "f1": 0.0,
            "precision": 0.0,
            "recall": 0.0,
            "n_pos": 3,
            "n_total": 728
          },
          "2": {
            "auc": 0.9314942528735632,
            "auprc": 0.15704225352112675,
            "f1": 0.0,
            "precision": 0.0,
            "recall": 0.0,
            "n_pos": 3,
            "n_total": 728
          },
          "3": {
            "auc": null,
            "auprc": null,
            "f1": 0.0,
            "precision": 0.0,
            "recall": 0.0,
            "n_pos": 0,
            "n_total": 728
          },
          "4": {
            "auc": null,
            "auprc": null,
            "f1": 0.0,
            "precision": 0.0,
            "recall": 0.0,
            "n_pos": 0,
            "n_total": 728
          },
          "5": {
            "auc": null,
            "auprc": null,
            "f1": 0.0,
            "precision": 0.0,