{
  "results": [
    {
      "model": "TGN",
      "split": "stratified",
      "dataset": "single",
      "train_sec": 11.0,
      "n_train": 20404,
      "n_test": 4374,
      "n_pos_test": 68,
      "metrics": {
        "auc": 0.8520241933280511,
        "auprc": 0.08068391034762952,
        "f1": 0.09865470852017937,
        "precision": 0.05196850393700787,
        "recall": 0.9705882352941176,
        "n_pos": 68,
        "n_total": 4374
      },
      "hparams": {
        "embed_dim": 128,
        "memory_dim": 32,
        "message_dim": 32,
        "lr": 0.0040215545266902904,
        "pos_weight_factor": 6.86376609199427,
        "batch_size": 128
      }
    },
    {
      "model": "TGN",
      "split": "temporal",
      "dataset": "single",
      "train_sec": 10.3,
      "n_train": 20405,
      "n_test": 4373,
      "n_pos_test": 8,
      "metrics": {
        "auc": 0.9847079037800687,
        "auprc": 0.1776518830947512,
        "f1": 0.08421052631578947,
        "precision": 0.04395604395604396,
        "recall": 1.0,
        "n_pos": 8,
        "n_total": 4373
      },
      "hparams": {
        "embed_dim": 128,
        "memory_dim": 32,
        "message_dim": 32,
        "lr": 0.0040215545266902904,
        "pos_weight_factor": 6.86376609199427,
        "batch_size": 128
      }
    },
    {
      "model": "TGN",
      "split": "6slot",
      "dataset": "single",
      "train_sec": 10.2,
      "n_train": 20405,
      "n_test": 4373,
      "n_pos_test": 8,
      "metrics": {
        "per_slot": {
          "0": {
            "auc": 0.997245179063361,
            "auprc": 0.6,
            "f1": 0.10810810810810811,
            "precision": 0.05714285714285714,
            "recall": 1.0,
            "n_pos": 2,
            "n_total": 728
          },
          "1": {
            "auc": 0.9379310344827586,
            "auprc": 0.04188230783975465,
            "f1": 0.06818181818181818,
            "precision": 0.03529411764705882,
            "recall": 1.0,
            "n_pos": 3,
            "n_total": 728
          },
          "2": {
            "auc": 0.9705747126436781,
            "auprc": 0.06770025839793281,
            "f1": 0.13043478260869565,
            "precision": 0.06976744186046512,
            "recall": 1.0,
            "n_pos": 3,
            "n_total": 728
          },
          "3": {
            "auc": null,
            "auprc": null,
            "f1": 0.0,
            "precision": 0.0,
            "recall": 0.0,
            "n_pos": 0,
            "n_total": 728
          },
          "4": {
            "auc": null,
            "auprc": null,
            "f1": 0.0,
            "precision": 0.0,
            "recall": 0.0,
            "n_pos": 0,
            "n_total": 728
          },
          "5": {
            "auc": null,
            "auprc": null,
            "f1": 0.0,
            "precision": 0.0,
            "recall": 0.0,
            "n_pos": 0,
            "n_total": 733
          }
        },
        "overall": {
          "auc": 0.9786655211912944,
          "auprc": 0.1620255007425494,
          "f1": 0.08421052631578947,
          "precision": 0.04395604395604396,
          "recall": 1.0,
          "n_pos": 8,
          "n_total": 4373
        }
      },
      "hparams": {
        "embed_dim": 128,
        "memory_dim": 32,
        "message_dim": 32,
        "lr": 0.0040215545266902904,
        "pos_weight_factor": 6.86376609199427,
        "batch_size": 128
      }
    },
    {
      "model": "TGN",
      "split": "inductive",
      "dataset": "single",
      "train_sec": 9.2,
      "n_train": 18814,
      "n_test": 4373,
      "n_pos_test": 8,
      "metrics": {
        "overall": {
          "auc": 0.9835337915234823,
          "auprc": 0.17570908446912842,
          "f1": 0.08421052631578947,
          "precision": 0.04395604395604396,
          "recall": 1.0,
          "n_pos": 8,
          "n_total": 4373
        },
        "new_nodes": {
          "auc": 0.9500000000000001,
          "auprc": 0.041666666666666664,
          "f1": 0.08,
          "precision": 0.041666666666666664,
          "recall": 1.0,
          "n_pos": 1,
          "n_total": 461
        },
        "seen_nodes": {
          "auc": 0.9863910737150174,
          "auprc": 0.20289732982985365,
          "f1": 0.08484848484848485,
          "precision": 0.04430379746835443,
          "recall": 1.0,
          "n_pos": 7,
          "n_total": 3912
        }
      },
      "hparams": {
        "embed_dim": 128,
        "memory_dim": 32,
        "message_dim": 32,
        "lr": 0.0040215545266902904,
        "pos_weight_factor": 6.86376609199427,
        "batch_size": 128
      }
    },
    {
      "model": "DyRep",
      "split": "stratified",
      "dataset": "single",
      "train_sec": 73.6,
      "n_train": 20404,
      "n_test": 4374,
      "n_pos_test": 68,
      "metrics": {
        "auc": 0.5887936805005328,
        "auprc": 0.033471953785346564,
        "f1": 0.047244094488188976,
        "precision": 0.024958402662229616,
        "recall": 0.4411764705882353,
        "n_pos": 68,
        "n_total": 4374,
        "psi_comm": 1.0,
        "psi_assoc": 0.13715225458145142
      },
      "hparams": {
        "embed_dim": 32,
        "n_neighbors": 5,
        "lr": 1.493656855461762e-05,
        "intensity_reg": 0.05399484409787434,
        "pos_weight_factor": 20.02787529358022,
        "batch_size": 512
      }
    },
    {
      "model": "DyRep",
      "split": "temporal",
      "dataset": "single",
      "train_sec": 74.3,
      "n_train": 20405,
      "n_test": 4373,
      "n_pos_test": 8,
      "metrics": {
        "auc": 0.42136311569301255,
        "auprc": 0.002900641991973178,
        "f1": 0.0,
        "precision": 0.0,
        "recall": 0.0,
        "n_pos": 8,
        "n_total": 4373,
        "psi_comm": 1.004013180732727,
        "psi_assoc": 0.13604746758937836
      },
      "hparams": {
        "embed_dim": 32,
        "n_neighbors": 5,
        "lr": 1.493656855461762e-05,
        "intensity_reg": 0.05399484409787434,
        "pos_weight_factor": 20.02787529358022,
        "batch_size": 512
      }
    },
    {
      "model": "DyRep",
      "split": "6slot",
      "dataset": "single",
      "train_sec": 73.3,
      "n_train": 20405,
      "n_test": 4373,
      "n_pos_test": 8,
      "metrics": {
        "per_slot": {
          "0": {
            "auc": 0.49724517906336085,
            "auprc": 0.05692918192918193,
            "f1": 0.003278688524590164,
            "precision": 0.001644736842105263,
            "recall": 0.5,
            "n_pos": 2,
            "n_total": 728
          },
          "1": {
            "auc": 0.2836781609195402,
            "auprc": 0.004445806165404415,
            "f1": 0.008207934336525308,
            "precision": 0.004120879120879121,
            "recall": 1.0,
            "n_pos": 3,
            "n_total": 728
          },
          "2": {
            "auc": 0.02574712643678162,
            "auprc": 0.0032384282384282388,
            "f1": 0.008207934336525308,
            "precision": 0.004120879120879121,
            "recall": 1.0,
            "n_pos": 3,
            "n_total": 728
          },
          "3": {
            "auc": null,
            "auprc": null,
            "f1": 0.0,
            "precision": 0.0,
            "recall": 0.0,
            "n_pos": 0,
            "n_total": 728
          },
          "4": {
            "auc": null,
            "auprc": null,
            "f1": 0.0,
            "precision": 0.0,
            "recall": 0.0,
            "n_pos": 0,
            "n_total": 728
          },
          "5": {
            "auc": null,
            "auprc": null,
            "f1": 0.0,
            "precision": 0.0,
            "recall": 0.0,
            "n_pos": 0,
            "n_total": 733
          }
        },
        "overall": {
          "auc": 0.3449885452462772,
          "auprc": 0.006245092892156615,
          "f1": 0.0032856137057028865,