{
  "results": [
    {
      "model": "TGN",
      "split": "stratified",
      "dataset": "multi",
      "seed": 42,
      "train_sec": 524.7,
      "n_train": 2040499,
      "n_val": 437250,
      "n_test": 437251,
      "n_pos_test": 6521,
      "threshold": 0.6377,
      "metrics": {
        "auc": 0.8593813513663016,
        "auprc": 0.07589581899186457,
        "f1": 0.09486206318795393,
        "precision": 0.04979656142927068,
        "recall": 0.9984664928691919,
        "n_pos": 6521,
        "n_total": 437251
      },
      "hparams": {
        "embed_dim": 32,
        "memory_dim": 32,
        "message_dim": 32,
        "lr": 0.001,
        "pos_weight_factor": 10.0,
        "batch_size": 256
      }
    },
    {
      "model": "TGN",
      "split": "temporal",
      "dataset": "multi",
      "seed": 42,
      "train_sec": 529.1,
      "n_train": 2040499,
      "n_val": 437251,
      "n_test": 437250,
      "n_pos_test": 933,
      "threshold": 0.8823,
      "metrics": {
        "auc": 0.9811035240484575,
        "auprc": 0.09397212112646197,
        "f1": 0.09752783149532222,
        "precision": 0.051263736263736266,
        "recall": 1.0,
        "n_pos": 933,
        "n_total": 437250
      },
      "hparams": {
        "embed_dim": 32,
        "memory_dim": 32,
        "message_dim": 32,
        "lr": 0.001,
        "pos_weight_factor": 10.0,
        "batch_size": 256
      }
    },
    {
      "model": "TGN",
      "split": "6slot",
      "dataset": "multi",
      "seed": 42,
      "train_sec": 479.7,
      "n_train": 2040499,
      "n_val": 437251,
      "n_test": 437250,
      "n_pos_test": 933,
      "threshold": 0.8823,
      "metrics": {
        "per_slot": {
          "0": {
            "auc": 0.9778477015051572,
            "auprc": 0.08753866692715964,
            "f1": 0.0939524838012959,
            "precision": 0.04929178470254957,
            "recall": 1.0,
            "n_pos": 174,
            "n_total": 72875
          },
          "1": {
            "auc": 0.9458674206935777,
            "auprc": 0.09622616815373193,
            "f1": 0.10029563122741705,
            "precision": 0.05279538904899136,
            "recall": 1.0,
            "n_pos": 458,
            "n_total": 72875
          },
          "2": {
            "auc": 0.9747923681351465,
            "auprc": 0.10540614340295629,
            "f1": 0.10594494563960213,
            "precision": 0.05593551538837323,
            "recall": 1.0,
            "n_pos": 229,
            "n_total": 72875
          },
          "3": {
            "auc": 0.9877876293254093,
            "auprc": 0.06460050265941902,
            "f1": 0.07298530157121136,
            "precision": 0.03787480273540242,
            "recall": 1.0,
            "n_pos": 72,
            "n_total": 72875
          },
          "4": {
            "auc": null,
            "auprc": null,
            "f1": 0.0,
            "precision": 0.0,
            "recall": 0.0,
            "n_pos": 0,
            "n_total": 72875
          },
          "5": {
            "auc": null,
            "auprc": null,
            "f1": 0.0,
            "precision": 0.0,
            "recall": 0.0,
            "n_pos": 0,
            "n_total": 72875
          }
        },
        "overall": {
          "auc": 0.9811035240484575,
          "auprc": 0.09397212112646197,
          "f1": 0.09752783149532222,
          "precision": 0.051263736263736266,
          "recall": 1.0,
          "n_pos": 933,
          "n_total": 437250
        }
      },
      "hparams": {
        "embed_dim": 32,
        "memory_dim": 32,
        "message_dim": 32,
        "lr": 0.001,
        "pos_weight_factor": 10.0,
        "batch_size": 256
      }
    },
    {
      "model": "TGN",
      "split": "inductive",
      "dataset": "multi",
      "seed": 42,
      "train_sec": 352.6,
      "n_train": 1829035,
      "n_val": 437251,
      "n_test": 437250,
      "n_pos_test": 933,
      "threshold": 0.9647,
      "metrics": {
        "overall": {
          "auc": 0.9811035240484574,
          "auprc": 0.09397212112646197,
          "f1": 0.09752783149532222,
          "precision": 0.051263736263736266,
          "recall": 1.0,
          "n_pos": 933,
          "n_total": 437250
        },
        "new_nodes": {
          "auc": 0.9809064511772385,
          "auprc": 0.08048780487804878,
          "f1": 0.09302325581395349,
          "precision": 0.04878048780487805,
          "recall": 1.0,
          "n_pos": 90,
          "n_total": 44516
        },
        "seen_nodes": {
          "auc": 0.9811243904691307,
          "auprc": 0.09542262370383103,
          "f1": 0.09803465519246424,
          "precision": 0.051543870376031795,
          "recall": 1.0,
          "n_pos": 843,
          "n_total": 392734
        }
      },
      "hparams": {
        "embed_dim": 32,
        "memory_dim": 32,
        "message_dim": 32,
        "lr": 0.001,
        "pos_weight_factor": 10.0,
        "batch_size": 256
      }
    },
    {
      "model": "DyRep",
      "split": "stratified",
      "dataset": "multi",
      "seed": 42,
      "train_sec": 7203.2,
      "n_train": 2040499,
      "n_val": 437250,
      "n_test": 437251,
      "n_pos_test": 6521,
      "threshold": 0.5,
      "metrics": {
        "auc": 0.5,
        "auprc": 0.014913630843611565,
        "f1": 0.029388965504808774,
        "precision": 0.014913630843611565,
        "recall": 1.0,
        "n_pos": 6521,
        "n_total": 437251
      },
      "hparams": {
        "embed_dim": 32,
        "n_neighbors": 10,
        "lr": 0.0001,
        "intensity_reg": 0.001,
        "pos_weight_factor": 10.0,
        "batch_size": 256
      }
    },
    {
      "model": "DyRep",
      "split": "temporal",
      "dataset": "multi",
      "seed": 42,
      "train_sec": 7084.7,
      "n_train": 2040499,
      "n_val": 437251,
      "n_test": 437250,
      "n_pos_test": 933,
      "threshold": 0.5,
      "metrics": {
        "auc": 0.5,
        "auprc": 0.0021337907375643225,
        "f1": 0.004258494738499668,
        "precision": 0.0021337907375643225,
        "recall": 1.0,
        "n_pos": 933,
        "n_total": 437250
      },
      "hparams": {
        "embed_dim": 32,
        "n_neighbors": 10,
        "lr": 0.0001,
        "intensity_reg": 0.001,
        "pos_weight_factor": 10.0,
        "batch_size": 256
      }
    },
    {
      "model": "DyRep",
      "split": "6slot",
      "dataset": "multi",
      "seed": 42,
      "train_sec": 7093.3,
      "n_train": 2040499,
      "n_val": 437251,
      "n_test": 437250,
      "n_pos_test": 933,
      "threshold": 0.5,
      "metrics": {
        "per_slot": {
          "0": {
            "auc": 0.5,
            "auprc": 0.0023876500857632934,
            "f1": 0.004763925584196909,
            "precision": 0.0023876500857632934,
            "recall": 1.0,
            "n_pos": 174,
            "n_total": 72875
          },
          "1": {
            "auc": 0.5,
            "auprc": 0.006284734133790737,
            "f1": 0.012490965868026673,
            "precision": 0.006284734133790737,
            "recall": 1.0,
            "n_pos": 458,
            "n_total": 72875
          },
          "2": {
            "auc": 0.5,
            "auprc": 0.0031423670668953687,
            "f1": 0.006265047056248632,
            "precision": 0.0031423670668953687,
            "recall": 1.0,
            "n_pos": 229,
            "n_total": 72875
          },
          "3": {
            "auc": 0.5,
            "auprc": 0.0009879931389365352,
            "f1": 0.0019740359439044787,
            "precision": 0.0009879931389365352,
            "recall": 1.0,
            "n_pos": 72,
            "n_total": 72875
          },
          "4": {
            "auc": null,
            "auprc": null,
            "f1": 0.0,
            "precision": 0.0,
            "recall": 0.0,
            "n_pos": 0,
            "n_total": 72875
          },