{
  "results": [
    {
      "model": "TGN",
      "split": "stratified",
      "dataset": "single",
      "train_sec": 7.2,
      "n_train": 20404,
      "n_test": 4374,
      "n_pos_test": 68,
      "metrics": {
        "auc": 0.8534056446545176,
        "auprc": 0.0850318552568644,
        "f1": 0.09843400447427293,
        "precision": 0.051846032992930086,
        "recall": 0.9705882352941176,
        "n_pos": 68,
        "n_total": 4374
      },
      "hparams": {
        "embed_dim": 128,
        "memory_dim": 32,
        "message_dim": 32,
        "lr": 0.0040215545266902904,
        "pos_weight_factor": 6.86376609199427,
        "batch_size": 128
      }
    },
    {
      "model": "TGN",
      "split": "temporal",
      "dataset": "single",
      "train_sec": 6.5,
      "n_train": 20405,
      "n_test": 4373,
      "n_pos_test": 8,
      "metrics": {
        "auc": 0.9822164948453609,
        "auprc": 0.17300146882202097,
        "f1": 0.08421052631578947,
        "precision": 0.04395604395604396,
        "recall": 1.0,
        "n_pos": 8,
        "n_total": 4373
      },
      "hparams": {
        "embed_dim": 128,
        "memory_dim": 32,
        "message_dim": 32,
        "lr": 0.0040215545266902904,
        "pos_weight_factor": 6.86376609199427,
        "batch_size": 128
      }
    },
    {
      "model": "TGN",
      "split": "6slot",
      "dataset": "single",
      "train_sec": 6.6,
      "n_train": 20405,
      "n_test": 4373,
      "n_pos_test": 8,
      "metrics": {
        "per_slot": {
          "0": {
            "auc": 0.9800275482093664,
            "auprc": 0.5285714285714286,
            "f1": 0.10810810810810811,
            "precision": 0.05714285714285714,
            "recall": 1.0,
            "n_pos": 2,
            "n_total": 728
          },
          "1": {
            "auc": 0.9648275862068965,
            "auprc": 0.10065359477124182,
            "f1": 0.06818181818181818,
            "precision": 0.03529411764705882,
            "recall": 1.0,
            "n_pos": 3,
            "n_total": 728
          },
          "2": {
            "auc": 0.9710344827586207,
            "auprc": 0.06976744186046512,
            "f1": 0.13043478260869565,
            "precision": 0.06976744186046512,
            "recall": 1.0,
            "n_pos": 3,
            "n_total": 728
          },
          "3": {
            "auc": null,
            "auprc": null,
            "f1": 0.0,
            "precision": 0.0,
            "recall": 0.0,
            "n_pos": 0,
            "n_total": 728
          },
          "4": {
            "auc": null,
            "auprc": null,
            "f1": 0.0,
            "precision": 0.0,
            "recall": 0.0,
            "n_pos": 0,
            "n_total": 728
          },
          "5": {
            "auc": null,
            "auprc": null,
            "f1": 0.0,
            "precision": 0.0,
            "recall": 0.0,
            "n_pos": 0,
            "n_total": 733
          }
        },
        "overall": {
          "auc": 0.9810280641466209,
          "auprc": 0.1768323909100608,
          "f1": 0.08421052631578947,
          "precision": 0.04395604395604396,
          "recall": 1.0,
          "n_pos": 8,
          "n_total": 4373
        }
      },
      "hparams": {
        "embed_dim": 128,
        "memory_dim": 32,
        "message_dim": 32,
        "lr": 0.0040215545266902904,
        "pos_weight_factor": 6.86376609199427,
        "batch_size": 128
      }
    },
    {
      "model": "TGN",
      "split": "inductive",
      "dataset": "single",
      "train_sec": 6.1,
      "n_train": 18814,
      "n_test": 4373,
      "n_pos_test": 8,
      "metrics": {
        "overall": {
          "auc": 0.9830469644902634,
          "auprc": 0.17488116807014126,
          "f1": 0.0935672514619883,
          "precision": 0.049079754601226995,
          "recall": 1.0,
          "n_pos": 8,
          "n_total": 4373
        },
        "new_nodes": {
          "auc": 0.95,
          "auprc": 0.041666666666666664,
          "f1": 0.08,
          "precision": 0.041666666666666664,
          "recall": 1.0,
          "n_pos": 1,
          "n_total": 461
        },
        "seen_nodes": {
          "auc": 0.9866105725260654,
          "auprc": 0.20358810348057138,
          "f1": 0.0958904109589041,
          "precision": 0.050359712230215826,
          "recall": 1.0,
          "n_pos": 7,
          "n_total": 3912
        }
      },
      "hparams": {
        "embed_dim": 128,
        "memory_dim": 32,
        "message_dim": 32,
        "lr": 0.0040215545266902904,
        "pos_weight_factor": 6.86376609199427,
        "batch_size": 128
      }
    },
    {
      "model": "DyRep",
      "split": "stratified",
      "dataset": "single",
      "train_sec": 64.2,
      "n_train": 20404,
      "n_test": 4374,
      "n_pos_test": 68,
      "metrics": {
        "auc": 0.5,
        "auprc": 0.015546410608139003,
        "f1": 0.03061683926159388,
        "precision": 0.015546410608139003,
        "recall": 1.0,
        "n_pos": 68,
        "n_total": 4374,
        "psi_comm": 1.0,
        "psi_assoc": 1.0
      },
      "hparams": {
        "embed_dim": 32,
        "n_neighbors": 10,
        "lr": 0.001,
        "intensity_reg": 0.01,
        "pos_weight_factor": 10.0,
        "batch_size": 256
      }
    },
    {
      "model": "DyRep",
      "split": "temporal",
      "dataset": "single",
      "train_sec": 63.8,
      "n_train": 20405,
      "n_test": 4373,
      "n_pos_test": 8,
      "metrics": {
        "auc": 0.5,
        "auprc": 0.001829407729247656,
        "f1": 0.0036521342159324356,
        "precision": 0.001829407729247656,
        "recall": 1.0,
        "n_pos": 8,
        "n_total": 4373,
        "psi_comm": 1.274592638015747,
        "psi_assoc": 1.0
      },
      "hparams": {
        "embed_dim": 32,
        "n_neighbors": 10,
        "lr": 0.001,
        "intensity_reg": 0.01,
        "pos_weight_factor": 10.0,
        "batch_size": 256
      }
    },
    {
      "model": "DyRep",
      "split": "6slot",
      "dataset": "single",
      "train_sec": 64.5,
      "n_train": 20405,
      "n_test": 4373,
      "n_pos_test": 8,
      "metrics": {
        "per_slot": {
          "0": {
            "auc": 0.5,
            "auprc": 0.0027472527472527475,
            "f1": 0.005479452054794521,
            "precision": 0.0027472527472527475,
            "recall": 1.0,
            "n_pos": 2,
            "n_total": 728
          },
          "1": {
            "auc": 0.5,
            "auprc": 0.004120879120879121,
            "f1": 0.008207934336525308,
            "precision": 0.004120879120879121,
            "recall": 1.0,
            "n_pos": 3,
            "n_total": 728
          },
          "2": {
            "auc": 0.5,
            "auprc": 0.004120879120879121,
            "f1": 0.008207934336525308,
            "precision": 0.004120879120879121,
            "recall": 1.0,
            "n_pos": 3,
            "n_total": 728
          },
          "3": {
            "auc": null,
            "auprc": null,
            "f1": 0.0,
            "precision": 0.0,
            "recall": 0.0,
            "n_pos": 0,
            "n_total": 728
          },
          "4": {
            "auc": null,
            "auprc": null,
            "f1": 0.0,
            "precision": 0.0,
            "recall": 0.0,
            "n_pos": 0,
            "n_total": 728
          },
          "5": {
            "auc": null,
            "auprc": null,
            "f1": 0.0,
            "precision": 0.0,
            "recall": 0.0,
            "n_pos": 0,
            "n_total": 733
          }
        },
        "overall": {
          "auc": 0.5,
          "auprc": 0.001829407729247656,
          "f1": 0.0036521342159324356,
          "precision": 0.001829407729247656,
          "recall": 1.0,
          "n_pos": 8,
          "n_total": 4373
        }
      },
      "hparams": {
        "embed_dim": 32,