{
  "results": [
    {
      "model": "TGN",
      "split": "stratified",
      "dataset": "single",
      "seed": 42,
      "train_sec": 18.1,
      "n_train": 20404,
      "n_test": 4374,
      "n_pos_test": 68,
      "threshold": 0.9539,
      "metrics": {
        "auc": 0.8327965765962679,
        "auprc": 0.07272210874342816,
        "f1": 0.05416666666666667,
        "precision": 0.03155339805825243,
        "recall": 0.19117647058823528,
        "n_pos": 68,
        "n_total": 4374
      },
      "hparams": {
        "embed_dim": 128,
        "memory_dim": 32,
        "message_dim": 32,
        "lr": 0.0040215545266902904,
        "pos_weight_factor": 6.86376609199427,
        "batch_size": 128
      }
    },
    {
      "model": "TGN",
      "split": "temporal",
      "dataset": "single",
      "seed": 42,
      "train_sec": 13.6,
      "n_train": 20405,
      "n_test": 4373,
      "n_pos_test": 8,
      "threshold": 0.0522,
      "metrics": {
        "auc": 0.9849369988545246,
        "auprc": 0.17820743865030675,
        "f1": 0.08421052631578947,
        "precision": 0.04395604395604396,
        "recall": 1.0,
        "n_pos": 8,
        "n_total": 4373
      },
      "hparams": {
        "embed_dim": 128,
        "memory_dim": 32,
        "message_dim": 32,
        "lr": 0.0040215545266902904,
        "pos_weight_factor": 6.86376609199427,
        "batch_size": 128
      }
    },
    {
      "model": "TGN",
      "split": "6slot",
      "dataset": "single",
      "seed": 42,
      "train_sec": 9.5,
      "n_train": 20405,
      "n_test": 4373,
      "n_pos_test": 8,
      "threshold": 0.0522,
      "metrics": {
        "per_slot": {
          "0": {
            "auc": 0.9972451790633609,
            "auprc": 0.6,
            "f1": 0.10810810810810811,
            "precision": 0.05714285714285714,
            "recall": 1.0,
            "n_pos": 2,
            "n_total": 728
          },
          "1": {
            "auc": 0.9195402298850575,
            "auprc": 0.032301341589267285,
            "f1": 0.06818181818181818,
            "precision": 0.03529411764705882,
            "recall": 1.0,
            "n_pos": 3,
            "n_total": 728
          },
          "2": {
            "auc": 0.9742528735632184,
            "auprc": 0.0744215134459037,
            "f1": 0.13043478260869565,
            "precision": 0.06976744186046512,
            "recall": 1.0,
            "n_pos": 3,
            "n_total": 728
          },
          "3": {
            "auc": null,
            "auprc": null,
            "f1": 0.0,
            "precision": 0.0,
            "recall": 0.0,
            "n_pos": 0,
            "n_total": 728
          },
          "4": {
            "auc": null,
            "auprc": null,
            "f1": 0.0,
            "precision": 0.0,
            "recall": 0.0,
            "n_pos": 0,
            "n_total": 728
          },
          "5": {
            "auc": null,
            "auprc": null,
            "f1": 0.0,
            "precision": 0.0,
            "recall": 0.0,
            "n_pos": 0,
            "n_total": 733
          }
        },
        "overall": {
          "auc": 0.9849369988545246,
          "auprc": 0.17820743865030675,
          "f1": 0.08421052631578947,
          "precision": 0.04395604395604396,
          "recall": 1.0,
          "n_pos": 8,
          "n_total": 4373
        }
      },
      "hparams": {
        "embed_dim": 128,
        "memory_dim": 32,
        "message_dim": 32,
        "lr": 0.0040215545266902904,
        "pos_weight_factor": 6.86376609199427,
        "batch_size": 128
      }
    },
    {
      "model": "TGN",
      "split": "inductive",
      "dataset": "single",
      "seed": 42,
      "train_sec": 8.9,
      "n_train": 18814,
      "n_test": 4373,
      "n_pos_test": 8,
      "threshold": 0.0112,
      "metrics": {
        "overall": {
          "auc": 0.9842210767468499,
          "auprc": 0.18159880877990536,
          "f1": 0.08421052631578947,
          "precision": 0.04395604395604396,
          "recall": 1.0,
          "n_pos": 8,
          "n_total": 4373
        },
        "new_nodes": {
          "auc": 0.95,
          "auprc": 0.041666666666666664,
          "f1": 0.08,
          "precision": 0.041666666666666664,
          "recall": 1.0,
          "n_pos": 1,
          "n_total": 461
        },
        "seen_nodes": {
          "auc": 0.9872690689592097,
          "auprc": 0.21470092987966466,
          "f1": 0.08484848484848485,
          "precision": 0.04430379746835443,
          "recall": 1.0,
          "n_pos": 7,
          "n_total": 3912
        }
      },
      "hparams": {
        "embed_dim": 128,
        "memory_dim": 32,
        "message_dim": 32,
        "lr": 0.0040215545266902904,
        "pos_weight_factor": 6.86376609199427,
        "batch_size": 128
      }
    },
    {
      "model": "DyRep",
      "split": "stratified",
      "dataset": "single",
      "seed": 42,
      "train_sec": 73.5,
      "n_train": 20404,
      "n_test": 4374,
      "n_pos_test": 68,
      "threshold": 0.6559,
      "metrics": {
        "auc": 0.5854604382393924,
        "auprc": 0.0529511082434696,
        "f1": 0.12624584717607973,
        "precision": 0.0815450643776824,
        "recall": 0.27941176470588236,
        "n_pos": 68,
        "n_total": 4374
      },
      "hparams": {
        "embed_dim": 32,
        "n_neighbors": 5,
        "lr": 0.0001,
        "intensity_reg": 0.05399484409787434,
        "pos_weight_factor": 20.02787529358022,
        "batch_size": 512
      }
    },
    {
      "model": "DyRep",
      "split": "temporal",
      "dataset": "single",
      "seed": 42,
      "train_sec": 73.4,
      "n_train": 20405,
      "n_test": 4373,
      "n_pos_test": 8,
      "threshold": 0.6723,
      "metrics": {
        "auc": 0.4638029782359679,
        "auprc": 0.0023451131025686205,
        "f1": 0.0,
        "precision": 0.0,
        "recall": 0.0,
        "n_pos": 8,
        "n_total": 4373
      },
      "hparams": {
        "embed_dim": 32,
        "n_neighbors": 5,
        "lr": 0.0001,
        "intensity_reg": 0.05399484409787434,
        "pos_weight_factor": 20.02787529358022,
        "batch_size": 512
      }
    },
    {
      "model": "DyRep",
      "split": "6slot",
      "dataset": "single",
      "seed": 42,
      "train_sec": 73.4,
      "n_train": 20405,
      "n_test": 4373,
      "n_pos_test": 8,
      "threshold": 0.6723,
      "metrics": {
        "per_slot": {
          "0": {
            "auc": 0.5929752066115702,
            "auprc": 0.007897906244209746,
            "f1": 0.0,
            "precision": 0.0,
            "recall": 0.0,
            "n_pos": 2,
            "n_total": 728
          },
          "1": {
            "auc": 0.1820689655172414,
            "auprc": 0.003673835125448029,
            "f1": 0.0,
            "precision": 0.0,
            "recall": 0.0,
            "n_pos": 3,
            "n_total": 728
          },
          "2": {
            "auc": 0.4188505747126437,
            "auprc": 0.005358111536913574,
            "f1": 0.0,
            "precision": 0.0,
            "recall": 0.0,
            "n_pos": 3,
            "n_total": 728
          },
          "3": {
            "auc": null,
            "auprc": null,
            "f1": 0.0,
            "precision": 0.0,
            "recall": 0.0,
            "n_pos": 0,
            "n_total": 728
          },
          "4": {
            "auc": null,
            "auprc": null,
            "f1": 0.0,
            "precision": 0.0,
            "recall": 0.0,
            "n_pos": 0,
            "n_total": 728
          },
          "5": {
            "auc": null,
            "auprc": null,
            "f1": 0.0,
            "precision": 0.0,
            "recall": 0.0,
            "n_pos": 0,
            "n_total": 733
          }
        },
        "overall": {
          "auc": 0.4638029782359679,
          "auprc": 0.0023451131025686205,
          "f1": 0.0,