{
  "results": [
    {
      "model": "DyRep",
      "split": "stratified",
      "dataset": "single",
      "train_sec": 99.6,
      "n_train": 20404,
      "n_test": 4374,
      "n_pos_test": 68,
      "metrics": {
        "auc": 0.6437341192863584,
        "auprc": 0.03649610619647336,
        "f1": 0.03061683926159388,
        "precision": 0.015546410608139003,
        "recall": 1.0,
        "n_pos": 68,
        "n_total": 4374,
        "psi_comm": 1.0,
        "psi_assoc": 0.14152197539806366
      },
      "hparams": {
        "embed_dim": 32,
        "n_neighbors": 10,
        "lr": 0.0001,
        "intensity_reg": 0.001,
        "pos_weight_factor": 10.0,
        "batch_size": 256
      }
    },
    {
      "model": "DyRep",
      "split": "temporal",
      "dataset": "single",
      "train_sec": 120.2,
      "n_train": 20405,
      "n_test": 4373,
      "n_pos_test": 8,
      "metrics": {
        "auc": 0.6597938144329897,
        "auprc": 0.03529965919969495,
        "f1": 0.0036521342159324356,
        "precision": 0.001829407729247656,
        "recall": 1.0,
        "n_pos": 8,
        "n_total": 4373,
        "psi_comm": 1.0987799167633057,
        "psi_assoc": 0.138466477394104
      },
      "hparams": {
        "embed_dim": 32,
        "n_neighbors": 10,
        "lr": 0.0001,
        "intensity_reg": 0.001,
        "pos_weight_factor": 10.0,
        "batch_size": 256
      }
    },
    {
      "model": "DyRep",
      "split": "6slot",
      "dataset": "single",
      "train_sec": 120.3,
      "n_train": 20405,
      "n_test": 4373,
      "n_pos_test": 8,
      "metrics": {
        "per_slot": {
          "0": {
            "auc": 0.7610192837465565,
            "auprc": 0.5028328611898017,
            "f1": 0.005479452054794521,
            "precision": 0.0027472527472527475,
            "recall": 1.0,
            "n_pos": 2,
            "n_total": 728
          },
          "1": {
            "auc": 0.33333333333333337,
            "auprc": 0.015092931759598426,
            "f1": 0.008207934336525308,
            "precision": 0.004120879120879121,
            "recall": 1.0,
            "n_pos": 3,
            "n_total": 728
          },
          "2": {
            "auc": 0.9733333333333334,
            "auprc": 0.07200929152148663,
            "f1": 0.008207934336525308,
            "precision": 0.004120879120879121,
            "recall": 1.0,
            "n_pos": 3,
            "n_total": 728
          },
          "3": {
            "auc": null,
            "auprc": null,
            "f1": 0.0,
            "precision": 0.0,
            "recall": 0.0,
            "n_pos": 0,
            "n_total": 728
          },
          "4": {
            "auc": null,
            "auprc": null,
            "f1": 0.0,
            "precision": 0.0,
            "recall": 0.0,
            "n_pos": 0,
            "n_total": 728
          },
          "5": {
            "auc": null,
            "auprc": null,
            "f1": 0.0,
            "precision": 0.0,
            "recall": 0.0,
            "n_pos": 0,
            "n_total": 733
          }
        },
        "overall": {
          "auc": 0.6869988545246278,
          "auprc": 0.16041253908808806,
          "f1": 0.0036521342159324356,
          "precision": 0.001829407729247656,
          "recall": 1.0,
          "n_pos": 8,
          "n_total": 4373
        }
      },
      "hparams": {
        "embed_dim": 32,
        "n_neighbors": 10,
        "lr": 0.0001,
        "intensity_reg": 0.001,
        "pos_weight_factor": 10.0,
        "batch_size": 256
      }
    }
  ]
}