{
  "results": [
    {
      "model": "TGN",
      "split": "temporal",
      "dataset": "single",
      "seed": 43,
      "train_sec": 12.8,
      "n_train": 20405,
      "n_val": 4372,
      "n_test": 4373,
      "n_pos_test": 8,
      "threshold": 0.0161,
      "metrics": {
        "auc": 0.9849656357388316,
        "auprc": 0.17785207586618879,
        "f1": 0.08421052631578947,
        "precision": 0.04395604395604396,
        "recall": 1.0,
        "n_pos": 8,
        "n_total": 4373
      },
      "hparams": {
        "embed_dim": 128,
        "memory_dim": 32,
        "message_dim": 32,
        "lr": 0.0040215545266902904,
        "pos_weight_factor": 6.86376609199427,
        "batch_size": 128
      }
    },
    {
      "model": "TGN",
      "split": "temporal",
      "dataset": "single",
      "seed": 44,
      "train_sec": 11.7,
      "n_train": 20405,
      "n_val": 4372,
      "n_test": 4373,
      "n_pos_test": 8,
      "threshold": 0.9579,
      "metrics": {
        "auc": 0.9826746849942726,
        "auprc": 0.17425460165410117,
        "f1": 0.2222222222222222,
        "precision": 1.0,
        "recall": 0.125,
        "n_pos": 8,
        "n_total": 4373
      },
      "hparams": {
        "embed_dim": 128,
        "memory_dim": 32,
        "message_dim": 32,
        "lr": 0.0040215545266902904,
        "pos_weight_factor": 6.86376609199427,
        "batch_size": 128
      }
    }
  ]
}