{
  "model": "TGN-focal",
  "split": "stratified",
  "dataset": "single",
  "loss": "focal_gamma2_alpha075",
  "batching": "balanced",
  "train_sec": 14.2,
  "metrics": {
    "auc": 0.6504962296112129,
    "auprc": 0.04357949970470167,
    "f1": 0.028985507246376812,
    "precision": 1.0,
    "recall": 0.014705882352941176,
    "n_pos": 68,
    "n_total": 4374
  },
  "hparams": {
    "embed_dim": 128,
    "memory_dim": 32,
    "message_dim": 32,
    "lr": 0.001,
    "batch_size": 256,
    "n_epochs": 30
  }
}