{
  "results": [
    {
      "model": "LogisticRegression",
      "split": "temporal",
      "dataset": "multi",
      "type": "ml_baseline",
      "train_sec": 11.27,
      "n_train": 2040499,
      "n_val": 437251,
      "n_test": 437250,
      "n_pos_test": 921,
      "prevalence": 0.0021,
      "threshold": 0.7038,
      "auprc_lift": 32.27,
      "metrics": {
        "auc": 0.6883914577114781,
        "auprc": 0.06798220862457578,
        "f1": 0.10180995475113122,
        "precision": 0.056825356736961735,
        "recall": 0.48859934853420195,
        "n_pos": 921,
        "n_total": 437250
      }
    },
    {
      "model": "RandomForest",
      "split": "temporal",
      "dataset": "multi",
      "type": "ml_baseline",
      "train_sec": 112.83,
      "n_train": 2040499,
      "n_val": 437251,
      "n_test": 437250,
      "n_pos_test": 921,
      "prevalence": 0.0021,
      "threshold": 0.6453,
      "auprc_lift": 43.06,
      "metrics": {
        "auc": 0.9803087455481183,
        "auprc": 0.09069881620438108,
        "f1": 0.09633387375137284,
        "precision": 0.050604395604395606,
        "recall": 1.0,
        "n_pos": 921,
        "n_total": 437250
      }
    },
    {
      "model": "LogisticRegression",
      "split": "temporal",
      "dataset": "multi_varied",
      "type": "ml_baseline",
      "train_sec": 0.29,
      "n_train": 391913,
      "n_val": 83982,
      "n_test": 83982,
      "n_pos_test": 206,
      "prevalence": 0.0025,
      "threshold": 0.9968,
      "auprc_lift": 28.03,
      "metrics": {
        "auc": 0.6854907701165197,
        "auprc": 0.0687512961713293,
        "f1": 0.04739336492890995,
        "precision": 1.0,
        "recall": 0.024271844660194174,
        "n_pos": 206,
        "n_total": 83982
      }
    },
    {
      "model": "RandomForest",
      "split": "temporal",
      "dataset": "multi_varied",
      "type": "ml_baseline",
      "train_sec": 7.45,
      "n_train": 391913,
      "n_val": 83982,
      "n_test": 83982,
      "n_pos_test": 206,
      "prevalence": 0.0025,
      "threshold": 0.6623,
      "auprc_lift": 42.52,
      "metrics": {
        "auc": 0.982824981272297,
        "auprc": 0.10430819621673351,
        "f1": 0.11509817197020988,
        "precision": 0.06687647521636507,
        "recall": 0.41262135922330095,
        "n_pos": 206,
        "n_total": 83982
      }
    }
  ]
}