{
  "results": [
    {
      "model": "LogisticRegression",
      "split": "temporal",
      "dataset": "multi",
      "type": "ml_baseline",
      "train_sec": 11.27,
      "n_train": 2040499,
      "n_val": 437251,
      "n_test": 437250,
      "n_pos_test": 921,
      "prevalence": 0.0021,
      "threshold": 0.7038,
      "auprc_lift": 32.27,
      "metrics": {
        "auc": 0.6883914577114781,
        "auprc": 0.06798220862457578,
        "f1": 0.10180995475113122,
        "precision": 0.056825356736961735,
        "recall": 0.48859934853420195,
        "n_pos": 921,
        "n_total": 437250
      }
    },
    {
      "model": "RandomForest",
      "split": "temporal",
      "dataset": "multi",
      "type": "ml_baseline",
      "train_sec": 112.83,
      "n_train": 2040499,
      "n_val": 437251,
      "n_test": 437250,
      "n_pos_test": 921,
      "prevalence": 0.0021,
      "threshold": 0.6453,
      "auprc_lift": 43.06,
      "metrics": {
        "auc": 0.9803087455481183,
        "auprc": 0.09069881620438108,
        "f1": 0.09633387375137284,
        "precision": 0.050604395604395606,
        "recall": 1.0,
        "n_pos": 921,
        "n_total": 437250
      }
    }
  ]
}