{
  "results": [
    {
      "model": "ComplEx",
      "split": "temporal",
      "dataset": "single",
      "type": "static_kg_baseline",
      "seed": 42,
      "dim": 64,
      "epochs": 50,
      "neg_samples": 5,
      "train_sec": 5.63,
      "n_entities": 29200,
      "n_relations": 8,
      "n_train_compliant": 20016,
      "n_val": 4372,
      "n_test": 4373,
      "n_pos_test": 8,
      "prevalence": 0.0018,
      "threshold": 0.4664,
      "auprc_lift": 0.96,
      "metrics": {
        "auc": 0.4402634593356243,
        "auprc": 0.0017486774918576426,
        "f1": 0.004294917680744453,
        "precision": 0.0021536252692031586,
        "recall": 0.75,
        "n_pos": 8,
        "n_total": 4373
      }
    },
    {
      "model": "ComplEx",
      "split": "temporal",
      "dataset": "multi",
      "type": "static_kg_baseline",
      "seed": 42,
      "dim": 64,
      "epochs": 50,
      "neg_samples": 5,
      "train_sec": 2062.54,
      "n_entities": 2919840,
      "n_relations": 8,
      "n_train_compliant": 2003426,
      "n_val": 437251,
      "n_test": 437250,
      "n_pos_test": 933,
      "prevalence": 0.0021,
      "threshold": 0.5,
      "auprc_lift": 0.98,
      "metrics": {
        "auc": 0.5026956024905155,
        "auprc": 0.002089509268683848,
        "f1": 0.004961269780924773,
        "precision": 0.0024879890185312285,
        "recall": 0.8392282958199357,
        "n_pos": 933,
        "n_total": 437250
      }
    },
    {
      "model": "ComplEx",
      "split": "temporal",
      "dataset": "multi_varied",
      "type": "static_kg_baseline",
      "seed": 42,
      "dim": 64,
      "epochs": 50,
      "neg_samples": 5,
      "train_sec": 435.99,
      "n_entities": 561317,
      "n_relations": 8,
      "n_train_compliant": 384935,
      "n_val": 83982,
      "n_test": 83982,
      "n_pos_test": 201,
      "prevalence": 0.0024,
      "threshold": 0.5,
      "auprc_lift": 1.03,
      "metrics": {
        "auc": 0.5214492819202112,
        "auprc": 0.002455576964056165,
        "f1": 0.00530429927414852,
        "precision": 0.0026604434072345392,
        "recall": 0.8507462686567164,
        "n_pos": 201,
        "n_total": 83982
      }
    }
  ]
}